name,price,sales,img1,img2,img3,img4,category,stock,description,state,time
法国法莱雅原瓶,35,164,detailimg1_1.jpg,detailimg1_2.jpg,detailimg1_3.jpg,detailimg1_4.jpg,时尚,27,紧跟潮流,1,2018/12/14
秋季韩版毛线衣男士,59,122,detailimg2_1.jpg,detailimg2_2.jpg,detailimg2_3.jpg,detailimg2_4.jpg,穿搭,34,很好穿的,1,2018/12/14
帕格尼多瑙河畔皮艺软床,13,9,detailimg3_1.jpg,detailimg3_2.jpg,detailimg3_3.jpg,detailimg3_4.jpg,家具,41,大型家具,1,2018/12/14
金冠玉米味软糖,17,115,detailimg4_1.jpg,detailimg4_2.jpg,detailimg4_3.jpg,detailimg4_4.jpg,饮食,53,大吃大喝,1,2018/12/14
东芝55英寸安卓网络LED电视,21,7,detailimg5_1.jpg,detailimg5_2.jpg,detailimg5_3.jpg,detailimg5_4.jpg,家电,66,必备家电,1,2018/12/14
张小盒拉杆箱天然呆个性潮牌,85,7,detailimg6_1.jpg,detailimg6_2.jpg,detailimg6_3.jpg,detailimg6_4.jpg,时尚,5,紧跟潮流,1,2018/12/14
百依恋歌 圆领修身T恤衫,29,8,detailimg7_1.jpg,detailimg7_2.jpg,detailimg7_3.jpg,detailimg7_4.jpg,穿搭,14,很好穿的,1,2018/12/14
蓓和休闲舒适按摩椅,133,6,detailimg8_1.jpg,detailimg8_2.jpg,detailimg8_3.jpg,detailimg8_4.jpg,家电,76,必备家电,1,2018/12/14
建阳手工建盏茶具套组,37,235,detailimg9_1.jpg,detailimg9_2.jpg,detailimg9_3.jpg,detailimg9_4.jpg,家具,83,大型家具,1,2018/12/14
德世朗（DESLON）鸡翅实木筷子,41,12,detailimg10_1.jpg,detailimg10_2.jpg,detailimg10_3.jpg,detailimg10_4.jpg,饮食,48,大吃大喝,1,2018/12/14
法国法莱雅原瓶,45,164,detailimg1_1.jpg,detailimg1_2.jpg,detailimg1_3.jpg,detailimg1_4.jpg,时尚,55,紧跟潮流,1,2018/12/14
秋季韩版毛线衣男士,49,122,detailimg2_1.jpg,detailimg2_2.jpg,detailimg2_3.jpg,detailimg2_4.jpg,穿搭,62,很好穿的,1,2018/12/14
蓓和休闲舒适按摩椅,53,6,detailimg8_1.jpg,detailimg8_2.jpg,detailimg8_3.jpg,detailimg8_4.jpg,家电,230,必备家电,1,2018/12/14
建阳手工建盏茶具套组,57,235,detailimg9_1.jpg,detailimg9_2.jpg,detailimg9_3.jpg,detailimg9_4.jpg,家具,10,大型家具,1,2018/12/14
帕格尼多瑙河畔皮艺软床,61,9,detailimg3_1.jpg,detailimg3_2.jpg,detailimg3_3.jpg,detailimg3_4.jpg,家具,131,大型家具,1,2018/12/14
金冠玉米味软糖,65,115,detailimg4_1.jpg,detailimg4_2.jpg,detailimg4_3.jpg,detailimg4_4.jpg,饮食,53,大吃大喝,1,2018/12/14
东芝55英寸安卓网络LED电视,69,7,detailimg5_1.jpg,detailimg5_2.jpg,detailimg5_3.jpg,detailimg5_4.jpg,家电,66,必备家电,1,2018/12/14
张小盒拉杆箱天然呆个性潮牌,73,7,detailimg6_1.jpg,detailimg6_2.jpg,detailimg6_3.jpg,detailimg6_4.jpg,时尚,5,紧跟潮流,1,2018/12/14
张小盒拉杆箱天然呆个性潮牌,77,7,detailimg6_1.jpg,detailimg6_2.jpg,detailimg6_3.jpg,detailimg6_4.jpg,时尚,14,紧跟潮流,1,2018/12/14
百依恋歌 圆领修身T恤衫,81,8,detailimg7_1.jpg,detailimg7_2.jpg,detailimg7_3.jpg,detailimg7_4.jpg,穿搭,27,很好穿的,1,2018/12/14
蓓和休闲舒适按摩椅,85,6,detailimg8_1.jpg,detailimg8_2.jpg,detailimg8_3.jpg,detailimg8_4.jpg,家电,40,必备家电,1,2018/12/14
百依恋歌 圆领修身T恤衫,59,8,detailimg7_1.jpg,detailimg7_2.jpg,detailimg7_3.jpg,detailimg7_4.jpg,穿搭,53,很好穿的,1,2018/12/14
蓓和休闲舒适按摩椅,93,6,detailimg8_1.jpg,detailimg8_2.jpg,detailimg8_3.jpg,detailimg8_4.jpg,家电,66,必备家电,1,2018/12/14
建阳手工建盏茶具套组,97,235,detailimg9_1.jpg,detailimg9_2.jpg,detailimg9_3.jpg,detailimg9_4.jpg,家具,79,大型家具,1,2018/12/14
德世朗（DESLON）鸡翅实木筷子,101,12,detailimg10_1.jpg,detailimg10_2.jpg,detailimg10_3.jpg,detailimg10_4.jpg,饮食,92,大吃大喝,1,2018/12/14
法国法莱雅原瓶,105,164,detailimg1_1.jpg,detailimg1_2.jpg,detailimg1_3.jpg,detailimg1_4.jpg,时尚,105,紧跟潮流,1,2018/12/14
秋季韩版毛线衣男士,69,122,detailimg2_1.jpg,detailimg2_2.jpg,detailimg2_3.jpg,detailimg2_4.jpg,穿搭,118,很好穿的,1,2018/12/14
蓓和休闲舒适按摩椅,113,6,detailimg8_1.jpg,detailimg8_2.jpg,detailimg8_3.jpg,detailimg8_4.jpg,家电,131,必备家电,1,2018/12/14
建阳手工建盏茶具套组,117,235,detailimg9_1.jpg,detailimg9_2.jpg,detailimg9_3.jpg,detailimg9_4.jpg,家具,53,大型家具,1,2018/12/14
东芝55英寸安卓网络LED电视,121,7,detailimg5_1.jpg,detailimg5_2.jpg,detailimg5_3.jpg,detailimg5_4.jpg,家电,66,必备家电,1,2018/12/14
张小盒拉杆箱天然呆个性潮牌,125,7,detailimg6_1.jpg,detailimg6_2.jpg,detailimg6_3.jpg,detailimg6_4.jpg,时尚,79,紧跟潮流,1,2018/12/14
张小盒拉杆箱天然呆个性潮牌,29,7,detailimg6_1.jpg,detailimg6_2.jpg,detailimg6_3.jpg,detailimg6_4.jpg,时尚,131,紧跟潮流,1,2018/12/14
百依恋歌 圆领修身T恤衫,133,8,detailimg7_1.jpg,detailimg7_2.jpg,detailimg7_3.jpg,detailimg7_4.jpg,穿搭,53,很好穿的,1,2018/12/14
蓓和休闲舒适按摩椅,137,6,detailimg8_1.jpg,detailimg8_2.jpg,detailimg8_3.jpg,detailimg8_4.jpg,家电,66,必备家电,1,2018/12/14
百依恋歌 圆领修身T恤衫,14,8,detailimg7_1.jpg,detailimg7_2.jpg,detailimg7_3.jpg,detailimg7_4.jpg,穿搭,5,很好穿的,1,2018/12/14
蓓和休闲舒适按摩椅,145,6,detailimg8_1.jpg,detailimg8_2.jpg,detailimg8_3.jpg,detailimg8_4.jpg,家电,14,必备家电,1,2018/12/14
法国法莱雅原瓶,149,164,detailimg1_1.jpg,detailimg1_2.jpg,detailimg1_3.jpg,detailimg1_4.jpg,时尚,27,紧跟潮流,1,2018/12/14
秋季韩版毛线衣男士,153,122,detailimg2_1.jpg,detailimg2_2.jpg,detailimg2_3.jpg,detailimg2_4.jpg,穿搭,34,很好穿的,1,2018/12/14
帕格尼多瑙河畔皮艺软床,157,9,detailimg3_1.jpg,detailimg3_2.jpg,detailimg3_3.jpg,detailimg3_4.jpg,家具,41,大型家具,1,2018/12/14
金冠玉米味软糖,61,115,detailimg4_1.jpg,detailimg4_2.jpg,detailimg4_3.jpg,detailimg4_4.jpg,饮食,53,大吃大喝,1,2018/12/14
东芝55英寸安卓网络LED电视,165,7,detailimg5_1.jpg,detailimg5_2.jpg,detailimg5_3.jpg,detailimg5_4.jpg,家电,66,必备家电,1,2018/12/14
张小盒拉杆箱天然呆个性潮牌,169,7,detailimg6_1.jpg,detailimg6_2.jpg,detailimg6_3.jpg,detailimg6_4.jpg,时尚,5,紧跟潮流,1,2018/12/14
百依恋歌 圆领修身T恤衫,173,8,detailimg7_1.jpg,detailimg7_2.jpg,detailimg7_3.jpg,detailimg7_4.jpg,穿搭,14,很好穿的,1,2018/12/14
蓓和休闲舒适按摩椅,177,6,detailimg8_1.jpg,detailimg8_2.jpg,detailimg8_3.jpg,detailimg8_4.jpg,家电,76,必备家电,1,2018/12/14
建阳手工建盏茶具套组,181,235,detailimg9_1.jpg,detailimg9_2.jpg,detailimg9_3.jpg,detailimg9_4.jpg,家具,83,大型家具,1,2018/12/14
德世朗（DESLON）鸡翅实木筷子,85,12,detailimg10_1.jpg,detailimg10_2.jpg,detailimg10_3.jpg,detailimg10_4.jpg,饮食,48,大吃大喝,1,2018/12/14
法国法莱雅原瓶,189,164,detailimg1_1.jpg,detailimg1_2.jpg,detailimg1_3.jpg,detailimg1_4.jpg,时尚,55,紧跟潮流,1,2018/12/14
秋季韩版毛线衣男士,193,122,detailimg2_1.jpg,detailimg2_2.jpg,detailimg2_3.jpg,detailimg2_4.jpg,穿搭,62,很好穿的,1,2018/12/14
蓓和休闲舒适按摩椅,97,6,detailimg8_1.jpg,detailimg8_2.jpg,detailimg8_3.jpg,detailimg8_4.jpg,家电,230,必备家电,1,2018/12/14
建阳手工建盏茶具套组,20,235,detailimg9_1.jpg,detailimg9_2.jpg,detailimg9_3.jpg,detailimg9_4.jpg,家具,10,大型家具,1,2018/12/14
